{
	"partitions" : [
		{
			"name" : "Top",
			"pins" : [
				{
					"name" : "VGA_VS",
					"strict" : false
				},
				{
					"name" : "VGA_HS",
					"strict" : false
				},
				{
					"name" : "LEDR[8]",
					"strict" : false
				},
				{
					"name" : "LEDR[3]",
					"strict" : false
				},
				{
					"name" : "LEDR[4]",
					"strict" : false
				},
				{
					"name" : "LEDR[5]",
					"strict" : false
				},
				{
					"name" : "LEDR[1]",
					"strict" : false
				},
				{
					"name" : "VGA_B[3]",
					"strict" : false
				},
				{
					"name" : "VGA_B[2]",
					"strict" : false
				},
				{
					"name" : "VGA_B[1]",
					"strict" : false
				},
				{
					"name" : "VGA_B[0]",
					"strict" : false
				},
				{
					"name" : "VGA_G[3]",
					"strict" : false
				},
				{
					"name" : "VGA_G[2]",
					"strict" : false
				},
				{
					"name" : "VGA_G[1]",
					"strict" : false
				},
				{
					"name" : "VGA_G[0]",
					"strict" : false
				},
				{
					"name" : "VGA_R[3]",
					"strict" : false
				},
				{
					"name" : "VGA_R[2]",
					"strict" : false
				},
				{
					"name" : "VGA_R[1]",
					"strict" : false
				},
				{
					"name" : "VGA_R[0]",
					"strict" : false
				},
				{
					"name" : "SW[8]",
					"strict" : false
				},
				{
					"name" : "KEY[0]",
					"strict" : false
				},
				{
					"name" : "CLOCK_50",
					"strict" : false
				},
				{
					"name" : "SW[2]",
					"strict" : false
				},
				{
					"name" : "SW[1]",
					"strict" : false
				},
				{
					"name" : "SW[9]",
					"strict" : false
				},
				{
					"name" : "SW[0]",
					"strict" : false
				},
				{
					"name" : "PS2_CLK",
					"strict" : false
				},
				{
					"name" : "PS2_DAT",
					"strict" : false
				}
			]
		}
	]
}